id,name,category,source,origin,path,verts,materials,owner,status
M_AdvBio_LuminescentVeins,M_AdvBio_LuminescentVeins,master material,imported (Melodia),Melodia intake drop (Saved/Audit/melodia_intake_triage_2026-10-04.json),Content/Materials/Masters/M_AdvBio_LuminescentVeins.uasset,,,TBD,in repo
M_AdvCelestial_StarMap,M_AdvCelestial_StarMap,master material,imported (Melodia),Melodia intake drop (Saved/Audit/melodia_intake_triage_2026-10-04.json),Content/Materials/Masters/M_AdvCelestial_StarMap.uasset,,,TBD,in repo
M_AdvCrystal_Fracturing,M_AdvCrystal_Fracturing,master material,imported (Melodia),Melodia intake drop (Saved/Audit/melodia_intake_triage_2026-10-04.json),Content/Materials/Masters/M_AdvCrystal_Fracturing.uasset,,,TBD,in repo
M_AdvErosion_DecayingRealm,M_AdvErosion_DecayingRealm,master material,imported (Melodia),Melodia intake drop (Saved/Audit/melodia_intake_triage_2026-10-04.json),Content/Materials/Masters/M_AdvErosion_DecayingRealm.uasset,,,TBD,in repo
M_AdvFabric_EtherealFlow,M_AdvFabric_EtherealFlow,master material,imported (Melodia),Melodia intake drop (Saved/Audit/melodia_intake_triage_2026-10-04.json),Content/Materials/Masters/M_AdvFabric_EtherealFlow.uasset,,,TBD,in repo
M_AdvMembrane_OrganicTissue,M_AdvMembrane_OrganicTissue,master material,imported (Melodia),Melodia intake drop (Saved/Audit/melodia_intake_triage_2026-10-04.json),Content/Materials/Masters/M_AdvMembrane_OrganicTissue.uasset,,,TBD,in repo
M_AdvMetal_LivingAlloy,M_AdvMetal_LivingAlloy,master material,imported (Melodia),Melodia intake drop (Saved/Audit/melodia_intake_triage_2026-10-04.json),Content/Materials/Masters/M_AdvMetal_LivingAlloy.uasset,,,TBD,in repo
M_AdvMirage_HeatDistortion,M_AdvMirage_HeatDistortion,master material,imported (Melodia),Melodia intake drop (Saved/Audit/melodia_intake_triage_2026-10-04.json),Content/Materials/Masters/M_AdvMirage_HeatDistortion.uasset,,,TBD,in repo
M_AdvNebula_CosmicDust,M_AdvNebula_CosmicDust,master material,imported (Melodia),Melodia intake drop (Saved/Audit/melodia_intake_triage_2026-10-04.json),Content/Materials/Masters/M_AdvNebula_CosmicDust.uasset,,,TBD,in repo
M_AdvPortal_FlowingEnergy,M_AdvPortal_FlowingEnergy,master material,imported (Melodia),Melodia intake drop (Saved/Audit/melodia_intake_triage_2026-10-04.json),Content/Materials/Masters/M_AdvPortal_FlowingEnergy.uasset,,,TBD,in repo
M_AdvQuantum_RealtiyFoam,M_AdvQuantum_RealtiyFoam,master material,imported (Melodia),Melodia intake drop (Saved/Audit/melodia_intake_triage_2026-10-04.json),Content/Materials/Masters/M_AdvQuantum_RealtiyFoam.uasset,,,TBD,in repo
M_AdvShimmer_Hypnotic,M_AdvShimmer_Hypnotic,master material,imported (Melodia),Melodia intake drop (Saved/Audit/melodia_intake_triage_2026-10-04.json),Content/Materials/Masters/M_AdvShimmer_Hypnotic.uasset,,,TBD,in repo
M_AdvVoid_AntiLight,M_AdvVoid_AntiLight,master material,imported (Melodia),Melodia intake drop (Saved/Audit/melodia_intake_triage_2026-10-04.json),Content/Materials/Masters/M_AdvVoid_AntiLight.uasset,,,TBD,in repo
M_AdvVortex_DepthInfinity,M_AdvVortex_DepthInfinity,master material,imported (Melodia),Melodia intake drop (Saved/Audit/melodia_intake_triage_2026-10-04.json),Content/Materials/Masters/M_AdvVortex_DepthInfinity.uasset,,,TBD,in repo
M_Asteroid_Carbonaceous,M_Asteroid_Carbonaceous,master material,imported (Melodia),Melodia intake drop (Saved/Audit/melodia_intake_triage_2026-10-04.json),Content/Materials/Masters/M_Asteroid_Carbonaceous.uasset,,,TBD,in repo
M_Asteroid_Chondrite,M_Asteroid_Chondrite,master material,imported (Melodia),Melodia intake drop (Saved/Audit/melodia_intake_triage_2026-10-04.json),Content/Materials/Masters/M_Asteroid_Chondrite.uasset,,,TBD,in repo
M_Asteroid_Field_Niagara,M_Asteroid_Field_Niagara,master material,imported (Melodia),Melodia intake drop (Saved/Audit/melodia_intake_triage_2026-10-04.json),Content/Materials/Masters/M_Asteroid_Field_Niagara.uasset,,,TBD,in repo
M_Asteroid_Metallic,M_Asteroid_Metallic,master material,imported (Melodia),Melodia intake drop (Saved/Audit/melodia_intake_triage_2026-10-04.json),Content/Materials/Masters/M_Asteroid_Metallic.uasset,,,TBD,in repo
M_AudioReactive_BaseMaster,M_AudioReactive_BaseMaster,master material,imported (Melodia),Melodia intake drop (Saved/Audit/melodia_intake_triage_2026-10-04.json),Content/Materials/Masters/M_AudioReactive_BaseMaster.uasset,,,TBD,in repo
M_AudioReactive_CrystalChime,M_AudioReactive_CrystalChime,master material,imported (Melodia),Melodia intake drop (Saved/Audit/melodia_intake_triage_2026-10-04.json),Content/Materials/Masters/M_AudioReactive_CrystalChime.uasset,,,TBD,in repo
M_BeatSync_EmissionGlow,M_BeatSync_EmissionGlow,master material,imported (Melodia),Melodia intake drop (Saved/Audit/melodia_intake_triage_2026-10-04.json),Content/Materials/Masters/M_BeatSync_EmissionGlow.uasset,,,TBD,in repo
M_Bookshelf_Standard,M_Bookshelf_Standard,master material,imported (Melodia),Melodia intake drop (Saved/Audit/melodia_intake_triage_2026-10-04.json),Content/Materials/Masters/M_Bookshelf_Standard.uasset,,,TBD,in repo
M_Character_Clothing,M_Character_Clothing,master material,imported (Melodia),Melodia intake drop (Saved/Audit/melodia_intake_triage_2026-10-04.json),Content/Materials/Masters/M_Character_Clothing.uasset,,,TBD,in repo
M_Cloud_Atmospheric,M_Cloud_Atmospheric,master material,imported (Melodia),Melodia intake drop (Saved/Audit/melodia_intake_triage_2026-10-04.json),Content/Materials/Masters/M_Cloud_Atmospheric.uasset,,,TBD,in repo
M_ColorPalette_Reverse1999,M_ColorPalette_Reverse1999,master material,imported (Melodia),Melodia intake drop (Saved/Audit/melodia_intake_triage_2026-10-04.json),Content/Materials/Masters/M_ColorPalette_Reverse1999.uasset,,,TBD,in repo
M_Crystal_Clear_Toon,M_Crystal_Clear_Toon,master material,imported (Melodia),Melodia intake drop (Saved/Audit/melodia_intake_triage_2026-10-04.json),Content/Materials/Masters/M_Crystal_Clear_Toon.uasset,,,TBD,in repo
M_Crystal_Colored_Toon,M_Crystal_Colored_Toon,master material,imported (Melodia),Melodia intake drop (Saved/Audit/melodia_intake_triage_2026-10-04.json),Content/Materials/Masters/M_Crystal_Colored_Toon.uasset,,,TBD,in repo
M_DayCycle_Atmosphere,M_DayCycle_Atmosphere,master material,imported (Melodia),Melodia intake drop (Saved/Audit/melodia_intake_triage_2026-10-04.json),Content/Materials/Masters/M_DayCycle_Atmosphere.uasset,,,TBD,in repo
M_Fabric_Toon,M_Fabric_Toon,master material,imported (Melodia),Melodia intake drop (Saved/Audit/melodia_intake_triage_2026-10-04.json),Content/Materials/Masters/M_Fabric_Toon.uasset,,,TBD,in repo
M_Gallery_LOD_High,M_Gallery_LOD_High,master material,imported (Melodia),Melodia intake drop (Saved/Audit/melodia_intake_triage_2026-10-04.json),Content/Materials/Masters/M_Gallery_LOD_High.uasset,,,TBD,in repo
M_Gallery_LOD_Low,M_Gallery_LOD_Low,master material,imported (Melodia),Melodia intake drop (Saved/Audit/melodia_intake_triage_2026-10-04.json),Content/Materials/Masters/M_Gallery_LOD_Low.uasset,,,TBD,in repo
M_Gallery_LOD_Medium,M_Gallery_LOD_Medium,master material,imported (Melodia),Melodia intake drop (Saved/Audit/melodia_intake_triage_2026-10-04.json),Content/Materials/Masters/M_Gallery_LOD_Medium.uasset,,,TBD,in repo
M_Glass_Refract_Toon,M_Glass_Refract_Toon,master material,imported (Melodia),Melodia intake drop (Saved/Audit/melodia_intake_triage_2026-10-04.json),Content/Materials/Masters/M_Glass_Refract_Toon.uasset,,,TBD,in repo
M_Glitter_UltimateSparkling,M_Glitter_UltimateSparkling,master material,imported (Melodia),Melodia intake drop (Saved/Audit/melodia_intake_triage_2026-10-04.json),Content/Materials/Masters/M_Glitter_UltimateSparkling.uasset,,,TBD,in repo
M_Glitter_WorldAligned,M_Glitter_WorldAligned,master material,imported (Melodia),Melodia intake drop (Saved/Audit/melodia_intake_triage_2026-10-04.json),Content/Materials/Masters/M_Glitter_WorldAligned.uasset,,,TBD,in repo
M_InkWash_Impressionist,M_InkWash_Impressionist,master material,imported (Melodia),Melodia intake drop (Saved/Audit/melodia_intake_triage_2026-10-04.json),Content/Materials/Masters/M_InkWash_Impressionist.uasset,,,TBD,in repo
M_IridescentMystical,M_IridescentMystical,master material,imported (Melodia),Melodia intake drop (Saved/Audit/melodia_intake_triage_2026-10-04.json),Content/Materials/Masters/M_IridescentMystical.uasset,,,TBD,in repo
M_Leather_Toon,M_Leather_Toon,master material,imported (Melodia),Melodia intake drop (Saved/Audit/melodia_intake_triage_2026-10-04.json),Content/Materials/Masters/M_Leather_Toon.uasset,,,TBD,in repo
M_Master_Toon_Character,M_Master_Toon_Character,master material,code-generated,Python/build_master_toon_character.py,Content/Materials/Masters/M_Master_Toon_Character.uasset,,,TBD,in repo
M_Master_Toon_EmissiveFX,M_Master_Toon_EmissiveFX,master material,code-generated,Python/build_m_toon_emissivefx.py,Content/Materials/Masters/M_Master_Toon_EmissiveFX.uasset,,,TBD,in repo
M_Master_Toon_Face,M_Master_Toon_Face,master material,code-generated,Python/build_master_toon_face.py,Content/Materials/Masters/M_Master_Toon_Face.uasset,,,TBD,in repo
M_Master_Toon_Foliage,M_Master_Toon_Foliage,master material,code-generated,Python/build_master_toon_foliage.py,Content/Materials/Masters/M_Master_Toon_Foliage.uasset,,,TBD,in repo
M_Master_Toon_Glass,M_Master_Toon_Glass,master material,code-generated,Python/build_master_toon_glass.py,Content/Materials/Masters/M_Master_Toon_Glass.uasset,,,TBD,in repo
M_Master_Toon_Hair,M_Master_Toon_Hair,master material,code-generated,Python/build_master_toon_hair.py,Content/Materials/Masters/M_Master_Toon_Hair.uasset,,,TBD,in repo
M_Master_Toon_Landscape,M_Master_Toon_Landscape,master material,code-generated,Python/build_master_toon_landscape.py,Content/Materials/Masters/M_Master_Toon_Landscape.uasset,,,TBD,in repo
M_Master_Toon_Particles,M_Master_Toon_Particles,master material,code-generated,Python/build_m_toon_particles.py,Content/Materials/Masters/M_Master_Toon_Particles.uasset,,,TBD,in repo
M_Master_Toon_PostComposite,M_Master_Toon_PostComposite,master material,code-generated,Python/build_m_toon_postcomposite.py,Content/Materials/Masters/M_Master_Toon_PostComposite.uasset,,,TBD,in repo
M_Master_Toon_Sky,M_Master_Toon_Sky,master material,code-generated,Python/build_m_toon_sky.py,Content/Materials/Masters/M_Master_Toon_Sky.uasset,,,TBD,in repo
M_Master_Toon_Universal,M_Master_Toon_Universal,master material,code-generated,Python/build_master_toon.py,Content/Materials/Masters/M_Master_Toon_Universal.uasset,,,TBD,in repo
M_Master_Toon_Water,M_Master_Toon_Water,master material,code-generated,Python/build_master_toon_water.py,Content/Materials/Masters/M_Master_Toon_Water.uasset,,,TBD,in repo
M_MooaToon_AuroraSong,M_MooaToon_AuroraSong,master material,imported (Melodia),Melodia intake drop (Saved/Audit/melodia_intake_triage_2026-10-04.json),Content/Materials/Masters/M_MooaToon_AuroraSong.uasset,,,TBD,in repo
M_MooaToon_Base,M_MooaToon_Base,master material,imported (Melodia),Melodia intake drop (Saved/Audit/melodia_intake_triage_2026-10-04.json),Content/Materials/Masters/M_MooaToon_Base.uasset,,,TBD,in repo
M_MooaToon_CrystalChime,M_MooaToon_CrystalChime,master material,imported (Melodia),Melodia intake drop (Saved/Audit/melodia_intake_triage_2026-10-04.json),Content/Materials/Masters/M_MooaToon_CrystalChime.uasset,,,TBD,in repo
M_MooaToon_Facade_Baroque_Enhanced,M_MooaToon_Facade_Baroque_Enhanced,master material,imported (Melodia),Melodia intake drop (Saved/Audit/melodia_intake_triage_2026-10-04.json),Content/Materials/Masters/M_MooaToon_Facade_Baroque_Enhanced.uasset,,,TBD,in repo
M_MooaToon_Gallery,M_MooaToon_Gallery,master material,imported (Melodia),Melodia intake drop (Saved/Audit/melodia_intake_triage_2026-10-04.json),Content/Materials/Masters/M_MooaToon_Gallery.uasset,,,TBD,in repo
M_MooaToon_GhostFlame,M_MooaToon_GhostFlame,master material,imported (Melodia),Melodia intake drop (Saved/Audit/melodia_intake_triage_2026-10-04.json),Content/Materials/Masters/M_MooaToon_GhostFlame.uasset,,,TBD,in repo
M_MooaToon_GildedMolding_v2,M_MooaToon_GildedMolding_v2,master material,imported (Melodia),Melodia intake drop (Saved/Audit/melodia_intake_triage_2026-10-04.json),Content/Materials/Masters/M_MooaToon_GildedMolding_v2.uasset,,,TBD,in repo
M_MooaToon_Glitter_Iridescent,M_MooaToon_Glitter_Iridescent,master material,imported (Melodia),Melodia intake drop (Saved/Audit/melodia_intake_triage_2026-10-04.json),Content/Materials/Masters/M_MooaToon_Glitter_Iridescent.uasset,,,TBD,in repo
M_MooaToon_GoldLeaf,M_MooaToon_GoldLeaf,master material,imported (Melodia),Melodia intake drop (Saved/Audit/melodia_intake_triage_2026-10-04.json),Content/Materials/Masters/M_MooaToon_GoldLeaf.uasset,,,TBD,in repo
M_MooaToon_Halftone_Enhanced,M_MooaToon_Halftone_Enhanced,master material,imported (Melodia),Melodia intake drop (Saved/Audit/melodia_intake_triage_2026-10-04.json),Content/Materials/Masters/M_MooaToon_Halftone_Enhanced.uasset,,,TBD,in repo
M_MooaToon_Halftone_Universal,M_MooaToon_Halftone_Universal,master material,imported (Melodia),Melodia intake drop (Saved/Audit/melodia_intake_triage_2026-10-04.json),Content/Materials/Masters/M_MooaToon_Halftone_Universal.uasset,,,TBD,in repo
M_MooaToon_Halftone_Vortex,M_MooaToon_Halftone_Vortex,master material,imported (Melodia),Melodia intake drop (Saved/Audit/melodia_intake_triage_2026-10-04.json),Content/Materials/Masters/M_MooaToon_Halftone_Vortex.uasset,,,TBD,in repo
M_MooaToon_Hybrid_LayeredVortex,M_MooaToon_Hybrid_LayeredVortex,master material,imported (Melodia),Melodia intake drop (Saved/Audit/melodia_intake_triage_2026-10-04.json),Content/Materials/Masters/M_MooaToon_Hybrid_LayeredVortex.uasset,,,TBD,in repo
M_MooaToon_Hybrid_VortexVeins,M_MooaToon_Hybrid_VortexVeins,master material,imported (Melodia),Melodia intake drop (Saved/Audit/melodia_intake_triage_2026-10-04.json),Content/Materials/Masters/M_MooaToon_Hybrid_VortexVeins.uasset,,,TBD,in repo
M_MooaToon_InkSplash,M_MooaToon_InkSplash,master material,imported (Melodia),Melodia intake drop (Saved/Audit/melodia_intake_triage_2026-10-04.json),Content/Materials/Masters/M_MooaToon_InkSplash.uasset,,,TBD,in repo
M_MooaToon_Layered_Aquamarine,M_MooaToon_Layered_Aquamarine,master material,imported (Melodia),Melodia intake drop (Saved/Audit/melodia_intake_triage_2026-10-04.json),Content/Materials/Masters/M_MooaToon_Layered_Aquamarine.uasset,,,TBD,in repo
M_MooaToon_Layered_Master,M_MooaToon_Layered_Master,master material,imported (Melodia),Melodia intake drop (Saved/Audit/melodia_intake_triage_2026-10-04.json),Content/Materials/Masters/M_MooaToon_Layered_Master.uasset,,,TBD,in repo
M_MooaToon_Layered_Nebula,M_MooaToon_Layered_Nebula,master material,imported (Melodia),Melodia intake drop (Saved/Audit/melodia_intake_triage_2026-10-04.json),Content/Materials/Masters/M_MooaToon_Layered_Nebula.uasset,,,TBD,in repo
M_MooaToon_Layered_Terracotta,M_MooaToon_Layered_Terracotta,master material,imported (Melodia),Melodia intake drop (Saved/Audit/melodia_intake_triage_2026-10-04.json),Content/Materials/Masters/M_MooaToon_Layered_Terracotta.uasset,,,TBD,in repo
M_MooaToon_Marble_Veined_v2,M_MooaToon_Marble_Veined_v2,master material,imported (Melodia),Melodia intake drop (Saved/Audit/melodia_intake_triage_2026-10-04.json),Content/Materials/Masters/M_MooaToon_Marble_Veined_v2.uasset,,,TBD,in repo
M_MooaToon_Master,M_MooaToon_Master,master material,imported (Melodia),Melodia intake drop (Saved/Audit/melodia_intake_triage_2026-10-04.json),Content/Materials/Masters/M_MooaToon_Master.uasset,,,TBD,in repo
M_MooaToon_Parallax_Baroque,M_MooaToon_Parallax_Baroque,master material,imported (Melodia),Melodia intake drop (Saved/Audit/melodia_intake_triage_2026-10-04.json),Content/Materials/Masters/M_MooaToon_Parallax_Baroque.uasset,,,TBD,in repo
M_MooaToon_SoundWave_Pulse,M_MooaToon_SoundWave_Pulse,master material,imported (Melodia),Melodia intake drop (Saved/Audit/melodia_intake_triage_2026-10-04.json),Content/Materials/Masters/M_MooaToon_SoundWave_Pulse.uasset,,,TBD,in repo
M_MooaToon_Veins_Facade,M_MooaToon_Veins_Facade,master material,imported (Melodia),Melodia intake drop (Saved/Audit/melodia_intake_triage_2026-10-04.json),Content/Materials/Masters/M_MooaToon_Veins_Facade.uasset,,,TBD,in repo
M_MooaToon_Veins_Marble,M_MooaToon_Veins_Marble,master material,imported (Melodia),Melodia intake drop (Saved/Audit/melodia_intake_triage_2026-10-04.json),Content/Materials/Masters/M_MooaToon_Veins_Marble.uasset,,,TBD,in repo
M_MooaToon_Veins_Master,M_MooaToon_Veins_Master,master material,imported (Melodia),Melodia intake drop (Saved/Audit/melodia_intake_triage_2026-10-04.json),Content/Materials/Masters/M_MooaToon_Veins_Master.uasset,,,TBD,in repo
M_MooaToon_Veins_Organic,M_MooaToon_Veins_Organic,master material,imported (Melodia),Melodia intake drop (Saved/Audit/melodia_intake_triage_2026-10-04.json),Content/Materials/Masters/M_MooaToon_Veins_Organic.uasset,,,TBD,in repo
M_MooaToon_VinylGroove,M_MooaToon_VinylGroove,master material,imported (Melodia),Melodia intake drop (Saved/Audit/melodia_intake_triage_2026-10-04.json),Content/Materials/Masters/M_MooaToon_VinylGroove.uasset,,,TBD,in repo
M_MooaToon_Vortex_Master,M_MooaToon_Vortex_Master,master material,imported (Melodia),Melodia intake drop (Saved/Audit/melodia_intake_triage_2026-10-04.json),Content/Materials/Masters/M_MooaToon_Vortex_Master.uasset,,,TBD,in repo
M_MooaToon_Vortex_Radial,M_MooaToon_Vortex_Radial,master material,imported (Melodia),Melodia intake drop (Saved/Audit/melodia_intake_triage_2026-10-04.json),Content/Materials/Masters/M_MooaToon_Vortex_Radial.uasset,,,TBD,in repo
M_MooaToon_Vortex_Spoke,M_MooaToon_Vortex_Spoke,master material,imported (Melodia),Melodia intake drop (Saved/Audit/melodia_intake_triage_2026-10-04.json),Content/Materials/Masters/M_MooaToon_Vortex_Spoke.uasset,,,TBD,in repo
M_MooaToon_Vortex_Swirl,M_MooaToon_Vortex_Swirl,master material,imported (Melodia),Melodia intake drop (Saved/Audit/melodia_intake_triage_2026-10-04.json),Content/Materials/Masters/M_MooaToon_Vortex_Swirl.uasset,,,TBD,in repo
M_OilPaint_Advanced_WorldAligned,M_OilPaint_Advanced_WorldAligned,master material,imported (Melodia),Melodia intake drop (Saved/Audit/melodia_intake_triage_2026-10-04.json),Content/Materials/Masters/M_OilPaint_Advanced_WorldAligned.uasset,,,TBD,in repo
M_OilPainting_Bio_Organic,M_OilPainting_Bio_Organic,master material,imported (Melodia),Melodia intake drop (Saved/Audit/melodia_intake_triage_2026-10-04.json),Content/Materials/Masters/M_OilPainting_Bio_Organic.uasset,,,TBD,in repo
M_OilPainting_Celestial_Cosmic,M_OilPainting_Celestial_Cosmic,master material,imported (Melodia),Melodia intake drop (Saved/Audit/melodia_intake_triage_2026-10-04.json),Content/Materials/Masters/M_OilPainting_Celestial_Cosmic.uasset,,,TBD,in repo
M_OilPainting_Gold_Baroque,M_OilPainting_Gold_Baroque,master material,imported (Melodia),Melodia intake drop (Saved/Audit/melodia_intake_triage_2026-10-04.json),Content/Materials/Masters/M_OilPainting_Gold_Baroque.uasset,,,TBD,in repo
M_OilPainting_MasterBase,M_OilPainting_MasterBase,master material,imported (Melodia),Melodia intake drop (Saved/Audit/melodia_intake_triage_2026-10-04.json),Content/Materials/Masters/M_OilPainting_MasterBase.uasset,,,TBD,in repo
M_OilPainting_Portal_Impressionist,M_OilPainting_Portal_Impressionist,master material,imported (Melodia),Melodia intake drop (Saved/Audit/melodia_intake_triage_2026-10-04.json),Content/Materials/Masters/M_OilPainting_Portal_Impressionist.uasset,,,TBD,in repo
M_OilPainting_Void_Dark,M_OilPainting_Void_Dark,master material,imported (Melodia),Melodia intake drop (Saved/Audit/melodia_intake_triage_2026-10-04.json),Content/Materials/Masters/M_OilPainting_Void_Dark.uasset,,,TBD,in repo
M_Outline_InvertedHull,M_Outline_InvertedHull,master material,code-generated,Python/build_m_outline.py,Content/Materials/Masters/M_Outline_InvertedHull.uasset,,,TBD,in repo
M_PainterlyGouache,M_PainterlyGouache,master material,code-generated,UNKNOWN - not generated by any builder,Content/Materials/Masters/M_PainterlyGouache.uasset,,,TBD,in repo
M_PainterlyGouache_Inst,M_PainterlyGouache_Inst,master material,code-generated,UNKNOWN - not generated by any builder,Content/Materials/Masters/M_PainterlyGouache_Inst.uasset,,,TBD,in repo
M_Parallax_Depth,M_Parallax_Depth,master material,imported (Melodia),Melodia intake drop (Saved/Audit/melodia_intake_triage_2026-10-04.json),Content/Materials/Masters/M_Parallax_Depth.uasset,,,TBD,in repo
M_Parallax_Displacement,M_Parallax_Displacement,master material,imported (Melodia),Melodia intake drop (Saved/Audit/melodia_intake_triage_2026-10-04.json),Content/Materials/Masters/M_Parallax_Displacement.uasset,,,TBD,in repo
M_RhythmSurface_Pulse,M_RhythmSurface_Pulse,master material,imported (Melodia),Melodia intake drop (Saved/Audit/melodia_intake_triage_2026-10-04.json),Content/Materials/Masters/M_RhythmSurface_Pulse.uasset,,,TBD,in repo
M_Sand_Toon,M_Sand_Toon,master material,imported (Melodia),Melodia intake drop (Saved/Audit/melodia_intake_triage_2026-10-04.json),Content/Materials/Masters/M_Sand_Toon.uasset,,,TBD,in repo
M_SeasonBlend_Nature,M_SeasonBlend_Nature,master material,imported (Melodia),Melodia intake drop (Saved/Audit/melodia_intake_triage_2026-10-04.json),Content/Materials/Masters/M_SeasonBlend_Nature.uasset,,,TBD,in repo
M_Sky_StarryNight_Impressionist,M_Sky_StarryNight_Impressionist,master material,imported (Melodia),Melodia intake drop (Saved/Audit/melodia_intake_triage_2026-10-04.json),Content/Materials/Masters/M_Sky_StarryNight_Impressionist.uasset,,,TBD,in repo
M_StardustParticle_Glow,M_StardustParticle_Glow,master material,imported (Melodia),Melodia intake drop (Saved/Audit/melodia_intake_triage_2026-10-04.json),Content/Materials/Masters/M_StardustParticle_Glow.uasset,,,TBD,in repo
M_Stone_Rough_Toon,M_Stone_Rough_Toon,master material,imported (Melodia),Melodia intake drop (Saved/Audit/melodia_intake_triage_2026-10-04.json),Content/Materials/Masters/M_Stone_Rough_Toon.uasset,,,TBD,in repo
M_Stone_Smooth_Toon,M_Stone_Smooth_Toon,master material,imported (Melodia),Melodia intake drop (Saved/Audit/melodia_intake_triage_2026-10-04.json),Content/Materials/Masters/M_Stone_Smooth_Toon.uasset,,,TBD,in repo
M_Surreal_FlowWarp,M_Surreal_FlowWarp,master material,imported (Melodia),Melodia intake drop (Saved/Audit/melodia_intake_triage_2026-10-04.json),Content/Materials/Masters/M_Surreal_FlowWarp.uasset,,,TBD,in repo
M_Toon_Base,M_Toon_Base,master material,imported (Melodia),Melodia intake drop (Saved/Audit/melodia_intake_triage_2026-10-04.json),Content/Materials/Masters/M_Toon_Base.uasset,,,TBD,in repo
M_Toon_Unlit_Character,M_Toon_Unlit_Character,master material,code-generated,Python/build_m_toon_unlit.py,Content/Materials/Masters/M_Toon_Unlit_Character.uasset,,,TBD,in repo
M_Vegetation_Grass_Toon,M_Vegetation_Grass_Toon,master material,imported (Melodia),Melodia intake drop (Saved/Audit/melodia_intake_triage_2026-10-04.json),Content/Materials/Masters/M_Vegetation_Grass_Toon.uasset,,,TBD,in repo
M_VolumetricInk_Accumulation,M_VolumetricInk_Accumulation,master material,imported (Melodia),Melodia intake drop (Saved/Audit/melodia_intake_triage_2026-10-04.json),Content/Materials/Masters/M_VolumetricInk_Accumulation.uasset,,,TBD,in repo
M_Wood_Toon,M_Wood_Toon,master material,imported (Melodia),Melodia intake drop (Saved/Audit/melodia_intake_triage_2026-10-04.json),Content/Materials/Masters/M_Wood_Toon.uasset,,,TBD,in repo
MF_AnimeSkinWrap,MF_AnimeSkinWrap,material function,imported (Melodia),Melodia intake drop (Saved/Audit/melodia_intake_triage_2026-10-04.json),Content/Materials/Functions/MF_AnimeSkinWrap.uasset,,,TBD,in repo
MF_AudioReactiveBlend,MF_AudioReactiveBlend,material function,imported (Melodia),Melodia intake drop (Saved/Audit/melodia_intake_triage_2026-10-04.json),Content/Materials/Functions/MF_AudioReactiveBlend.uasset,,,TBD,in repo
MF_BlendModeSwitch,MF_BlendModeSwitch,material function,imported (Melodia),Melodia intake drop (Saved/Audit/melodia_intake_triage_2026-10-04.json),Content/Materials/Functions/MF_BlendModeSwitch.uasset,,,TBD,in repo
MF_ClothWindDrape,MF_ClothWindDrape,material function,imported (Melodia),Melodia intake drop (Saved/Audit/melodia_intake_triage_2026-10-04.json),Content/Materials/Functions/MF_ClothWindDrape.uasset,,,TBD,in repo
MF_ColorRamp3,MF_ColorRamp3,material function,code-generated,Python/build_mf_colorramp3.py,Content/Materials/Functions/MF_ColorRamp3.uasset,,,TBD,in repo
MF_ConstellationField,MF_ConstellationField,material function,imported (Melodia),Melodia intake drop (Saved/Audit/melodia_intake_triage_2026-10-04.json),Content/Materials/Functions/MF_ConstellationField.uasset,,,TBD,in repo
MF_CurvatureOrnament,MF_CurvatureOrnament,material function,imported (Melodia),Melodia intake drop (Saved/Audit/melodia_intake_triage_2026-10-04.json),Content/Materials/Functions/MF_CurvatureOrnament.uasset,,,TBD,in repo
MF_DF_ContactBlend,MF_DF_ContactBlend,material function,imported (Melodia),Melodia intake drop (Saved/Audit/melodia_intake_triage_2026-10-04.json),Content/Materials/Functions/MF_DF_ContactBlend.uasset,,,TBD,in repo
MF_FabricMountainWPO,MF_FabricMountainWPO,material function,imported (Melodia),Melodia intake drop (Saved/Audit/melodia_intake_triage_2026-10-04.json),Content/Materials/Functions/MF_FabricMountainWPO.uasset,,,TBD,in repo
MF_FilmGrade,MF_FilmGrade,material function,code-generated,UNKNOWN - not generated by any builder,Content/Materials/Functions/MF_FilmGrade.uasset,,,TBD,in repo
MF_GemstoneAbsorption,MF_GemstoneAbsorption,material function,imported (Melodia),Melodia intake drop (Saved/Audit/melodia_intake_triage_2026-10-04.json),Content/Materials/Functions/MF_GemstoneAbsorption.uasset,,,TBD,in repo
MF_GemstoneCymatics,MF_GemstoneCymatics,material function,imported (Melodia),Melodia intake drop (Saved/Audit/melodia_intake_triage_2026-10-04.json),Content/Materials/Functions/MF_GemstoneCymatics.uasset,,,TBD,in repo
MF_GemstoneDispersion,MF_GemstoneDispersion,material function,imported (Melodia),Melodia intake drop (Saved/Audit/melodia_intake_triage_2026-10-04.json),Content/Materials/Functions/MF_GemstoneDispersion.uasset,,,TBD,in repo
MF_GemstoneInternalFacet,MF_GemstoneInternalFacet,material function,imported (Melodia),Melodia intake drop (Saved/Audit/melodia_intake_triage_2026-10-04.json),Content/Materials/Functions/MF_GemstoneInternalFacet.uasset,,,TBD,in repo
MF_GildingOverlay,MF_GildingOverlay,material function,imported (Melodia),Melodia intake drop (Saved/Audit/melodia_intake_triage_2026-10-04.json),Content/Materials/Functions/MF_GildingOverlay.uasset,,,TBD,in repo
MF_HeightToNormal,MF_HeightToNormal,material function,imported (Melodia),Melodia intake drop (Saved/Audit/melodia_intake_triage_2026-10-04.json),Content/Materials/Functions/MF_HeightToNormal.uasset,,,TBD,in repo
MF_Impressionist_BrushStroke,MF_Impressionist_BrushStroke,material function,imported (Melodia),Melodia intake drop (Saved/Audit/melodia_intake_triage_2026-10-04.json),Content/Materials/Functions/MF_Impressionist_BrushStroke.uasset,,,TBD,in repo
MF_Impressionist_Impasto,MF_Impressionist_Impasto,material function,imported (Melodia),Melodia intake drop (Saved/Audit/melodia_intake_triage_2026-10-04.json),Content/Materials/Functions/MF_Impressionist_Impasto.uasset,,,TBD,in repo
MF_Impressionist_InkPool,MF_Impressionist_InkPool,material function,imported (Melodia),Melodia intake drop (Saved/Audit/melodia_intake_triage_2026-10-04.json),Content/Materials/Functions/MF_Impressionist_InkPool.uasset,,,TBD,in repo
MF_Impressionist_Temporal,MF_Impressionist_Temporal,material function,imported (Melodia),Melodia intake drop (Saved/Audit/melodia_intake_triage_2026-10-04.json),Content/Materials/Functions/MF_Impressionist_Temporal.uasset,,,TBD,in repo
MF_InkAccumulation,MF_InkAccumulation,material function,imported (Melodia),Melodia intake drop (Saved/Audit/melodia_intake_triage_2026-10-04.json),Content/Materials/Functions/MF_InkAccumulation.uasset,,,TBD,in repo
MF_Itto,MF_Itto,material function,imported (Melodia),Melodia intake drop (Saved/Audit/melodia_intake_triage_2026-10-04.json),Content/Materials/Functions/MF_Itto.uasset,,,TBD,in repo
MF_LandscapeDistanceBands,MF_LandscapeDistanceBands,material function,imported (Melodia),Melodia intake drop (Saved/Audit/melodia_intake_triage_2026-10-04.json),Content/Materials/Functions/MF_LandscapeDistanceBands.uasset,,,TBD,in repo
MF_LandscapeHeightCompete,MF_LandscapeHeightCompete,material function,imported (Melodia),Melodia intake drop (Saved/Audit/melodia_intake_triage_2026-10-04.json),Content/Materials/Functions/MF_LandscapeHeightCompete.uasset,,,TBD,in repo
MF_LandscapeMacroVariation,MF_LandscapeMacroVariation,material function,imported (Melodia),Melodia intake drop (Saved/Audit/melodia_intake_triage_2026-10-04.json),Content/Materials/Functions/MF_LandscapeMacroVariation.uasset,,,TBD,in repo
MF_LandscapeStorybookSDF,MF_LandscapeStorybookSDF,material function,imported (Melodia),Melodia intake drop (Saved/Audit/melodia_intake_triage_2026-10-04.json),Content/Materials/Functions/MF_LandscapeStorybookSDF.uasset,,,TBD,in repo
MF_Madoka,MF_Madoka,material function,imported (Melodia),Melodia intake drop (Saved/Audit/melodia_intake_triage_2026-10-04.json),Content/Materials/Functions/MF_Madoka.uasset,,,TBD,in repo
MF_MelodiaGlitterPile,MF_MelodiaGlitterPile,material function,imported (Melodia),Melodia intake drop (Saved/Audit/melodia_intake_triage_2026-10-04.json),Content/Materials/Functions/MF_MelodiaGlitterPile.uasset,,,TBD,in repo
MF_MelodiaIridescenceSheen,MF_MelodiaIridescenceSheen,material function,imported (Melodia),Melodia intake drop (Saved/Audit/melodia_intake_triage_2026-10-04.json),Content/Materials/Functions/MF_MelodiaIridescenceSheen.uasset,,,TBD,in repo
MF_MelodiaPetalLifecycle,MF_MelodiaPetalLifecycle,material function,imported (Melodia),Melodia intake drop (Saved/Audit/melodia_intake_triage_2026-10-04.json),Content/Materials/Functions/MF_MelodiaPetalLifecycle.uasset,,,TBD,in repo
MF_MelodiaWindHueReveal,MF_MelodiaWindHueReveal,material function,imported (Melodia),Melodia intake drop (Saved/Audit/melodia_intake_triage_2026-10-04.json),Content/Materials/Functions/MF_MelodiaWindHueReveal.uasset,,,TBD,in repo
MF_MeluPaintBase,MF_MeluPaintBase,material function,imported (Melodia),Melodia intake drop (Saved/Audit/melodia_intake_triage_2026-10-04.json),Content/Materials/Functions/MF_MeluPaintBase.uasset,,,TBD,in repo
MF_MeluPaletteColors,MF_MeluPaletteColors,material function,imported (Melodia),Melodia intake drop (Saved/Audit/melodia_intake_triage_2026-10-04.json),Content/Materials/Functions/MF_MeluPaletteColors.uasset,,,TBD,in repo
MF_Melusina_SDFIris,MF_Melusina_SDFIris,material function,imported (Melodia),Melodia intake drop (Saved/Audit/melodia_intake_triage_2026-10-04.json),Content/Materials/Functions/MF_Melusina_SDFIris.uasset,,,TBD,in repo
MF_MeluSparkle,MF_MeluSparkle,material function,imported (Melodia),Melodia intake drop (Saved/Audit/melodia_intake_triage_2026-10-04.json),Content/Materials/Functions/MF_MeluSparkle.uasset,,,TBD,in repo
MF_MeluTemporalJitter,MF_MeluTemporalJitter,material function,imported (Melodia),Melodia intake drop (Saved/Audit/melodia_intake_triage_2026-10-04.json),Content/Materials/Functions/MF_MeluTemporalJitter.uasset,,,TBD,in repo
MF_MeluTriplanar,MF_MeluTriplanar,material function,imported (Melodia),Melodia intake drop (Saved/Audit/melodia_intake_triage_2026-10-04.json),Content/Materials/Functions/MF_MeluTriplanar.uasset,,,TBD,in repo
MF_MooaDecodeAttributes,MF_MooaDecodeAttributes,material function,imported (Melodia),Melodia intake drop (Saved/Audit/melodia_intake_triage_2026-10-04.json),Content/Materials/Functions/MF_MooaDecodeAttributes.uasset,,,TBD,in repo
MF_MooaEncodeAttributes,MF_MooaEncodeAttributes,material function,imported (Melodia),Melodia intake drop (Saved/Audit/melodia_intake_triage_2026-10-04.json),Content/Materials/Functions/MF_MooaEncodeAttributes.uasset,,,TBD,in repo
MF_MooaToonBaseInput_2,MF_MooaToonBaseInput_2,material function,imported (Melodia),Melodia intake drop (Saved/Audit/melodia_intake_triage_2026-10-04.json),Content/Materials/Functions/MF_MooaToonBaseInput_2.uasset,,,TBD,in repo
MF_PBRDetail,MF_PBRDetail,material function,code-generated,UNKNOWN - not generated by any builder,Content/Materials/Functions/MF_PBRDetail.uasset,,,TBD,in repo
MF_ProceduralPatterns,MF_ProceduralPatterns,material function,code-generated,Python/build_mf_patterns.py,Content/Materials/Functions/MF_ProceduralPatterns.uasset,,,TBD,in repo
MF_RampLUT,MF_RampLUT,material function,code-generated,Python/build_mf_ramplut.py,Content/Materials/Functions/MF_RampLUT.uasset,,,TBD,in repo
MF_RimOffset,MF_RimOffset,material function,code-generated,Python/build_mf_rimoffset.py,Content/Materials/Functions/MF_RimOffset.uasset,,,TBD,in repo
MF_TranslucencyShadowToOpacityMask,MF_TranslucencyShadowToOpacityMask,material function,imported (Melodia),Melodia intake drop (Saved/Audit/melodia_intake_triage_2026-10-04.json),Content/Materials/Functions/MF_TranslucencyShadowToOpacityMask.uasset,,,TBD,in repo
MF_UberBlendMode,MF_UberBlendMode,material function,imported (Melodia),Melodia intake drop (Saved/Audit/melodia_intake_triage_2026-10-04.json),Content/Materials/Functions/MF_UberBlendMode.uasset,,,TBD,in repo
MF_UVChannelSwitch,MF_UVChannelSwitch,material function,imported (Melodia),Melodia intake drop (Saved/Audit/melodia_intake_triage_2026-10-04.json),Content/Materials/Functions/MF_UVChannelSwitch.uasset,,,TBD,in repo
MF_VertexColorChannels,MF_VertexColorChannels,material function,code-generated,UNKNOWN - not generated by any builder,Content/Materials/Functions/MF_VertexColorChannels.uasset,,,TBD,in repo
MF_VertexPaintBlend,MF_VertexPaintBlend,material function,code-generated,UNKNOWN - not generated by any builder,Content/Materials/Functions/MF_VertexPaintBlend.uasset,,,TBD,in repo
TP_Cardboard,TP_Cardboard,toon profile,code-generated,Python/build_toon_profiles.py,Content/Materials/ToonProfiles/TP_Cardboard.uasset,,,TBD,in repo
TP_Character,TP_Character,toon profile,code-generated,Python/build_toon_profiles.py,Content/Materials/ToonProfiles/TP_Character.uasset,,,TBD,in repo
TP_Cool,TP_Cool,toon profile,code-generated,Python/build_toon_profiles.py,Content/Materials/ToonProfiles/TP_Cool.uasset,,,TBD,in repo
TP_Default,TP_Default,toon profile,code-generated,Python/build_toon_profiles.py,Content/Materials/ToonProfiles/TP_Default.uasset,,,TBD,in repo
TP_Environment,TP_Environment,toon profile,code-generated,Python/build_toon_profiles.py,Content/Materials/ToonProfiles/TP_Environment.uasset,,,TBD,in repo
TP_Face,TP_Face,toon profile,code-generated,Python/build_toon_profiles.py,Content/Materials/ToonProfiles/TP_Face.uasset,,,TBD,in repo
TP_Foliage,TP_Foliage,toon profile,code-generated,Python/build_toon_profiles.py,Content/Materials/ToonProfiles/TP_Foliage.uasset,,,TBD,in repo
TP_Glass,TP_Glass,toon profile,code-generated,Python/build_toon_profiles.py,Content/Materials/ToonProfiles/TP_Glass.uasset,,,TBD,in repo
TP_Gold,TP_Gold,toon profile,code-generated,Python/build_toon_profiles.py,Content/Materials/ToonProfiles/TP_Gold.uasset,,,TBD,in repo
TP_Hair,TP_Hair,toon profile,code-generated,Python/build_toon_profiles.py,Content/Materials/ToonProfiles/TP_Hair.uasset,,,TBD,in repo
TP_Hatched,TP_Hatched,toon profile,code-generated,Python/build_toon_profiles.py,Content/Materials/ToonProfiles/TP_Hatched.uasset,,,TBD,in repo
TP_Hero,TP_Hero,toon profile,code-generated,Python/build_toon_profiles.py,Content/Materials/ToonProfiles/TP_Hero.uasset,,,TBD,in repo
TP_Landscape,TP_Landscape,toon profile,code-generated,Python/build_toon_profiles.py,Content/Materials/ToonProfiles/TP_Landscape.uasset,,,TBD,in repo
TP_Melusina,TP_Melusina,toon profile,code-generated,Python/build_toon_profiles.py,Content/Materials/ToonProfiles/TP_Melusina.uasset,,,TBD,in repo
TP_Office_Carpet,TP_Office_Carpet,toon profile,code-generated,Python/build_toon_profiles.py,Content/Materials/ToonProfiles/TP_Office_Carpet.uasset,,,TBD,in repo
TP_Office_DropCeiling,TP_Office_DropCeiling,toon profile,code-generated,Python/build_toon_profiles.py,Content/Materials/ToonProfiles/TP_Office_DropCeiling.uasset,,,TBD,in repo
TP_Office_Laminate,TP_Office_Laminate,toon profile,code-generated,Python/build_toon_profiles.py,Content/Materials/ToonProfiles/TP_Office_Laminate.uasset,,,TBD,in repo
TP_Office_Polypropylene,TP_Office_Polypropylene,toon profile,code-generated,Python/build_toon_profiles.py,Content/Materials/ToonProfiles/TP_Office_Polypropylene.uasset,,,TBD,in repo
TP_Office_PowderCoat,TP_Office_PowderCoat,toon profile,code-generated,Python/build_toon_profiles.py,Content/Materials/ToonProfiles/TP_Office_PowderCoat.uasset,,,TBD,in repo
TP_Office_Screen,TP_Office_Screen,toon profile,code-generated,Python/build_toon_profiles.py,Content/Materials/ToonProfiles/TP_Office_Screen.uasset,,,TBD,in repo
TP_Office_Troffer,TP_Office_Troffer,toon profile,code-generated,Python/build_toon_profiles.py,Content/Materials/ToonProfiles/TP_Office_Troffer.uasset,,,TBD,in repo
TP_Office_Whiteboard,TP_Office_Whiteboard,toon profile,code-generated,Python/build_toon_profiles.py,Content/Materials/ToonProfiles/TP_Office_Whiteboard.uasset,,,TBD,in repo
TP_Paper,TP_Paper,toon profile,code-generated,Python/build_toon_profiles.py,Content/Materials/ToonProfiles/TP_Paper.uasset,,,TBD,in repo
TP_SoftPainterly,TP_SoftPainterly,toon profile,code-generated,Python/build_toon_profiles.py,Content/Materials/ToonProfiles/TP_SoftPainterly.uasset,,,TBD,in repo
TP_Spider_Body,TP_Spider_Body,toon profile,code-generated,Python/build_toon_profiles.py,Content/Materials/ToonProfiles/TP_Spider_Body.uasset,,,TBD,in repo
TP_Spider_Eye,TP_Spider_Eye,toon profile,code-generated,Python/build_toon_profiles.py,Content/Materials/ToonProfiles/TP_Spider_Eye.uasset,,,TBD,in repo
TP_SteelDark,TP_SteelDark,toon profile,code-generated,Python/build_toon_profiles.py,Content/Materials/ToonProfiles/TP_SteelDark.uasset,,,TBD,in repo
TP_Stone,TP_Stone,toon profile,code-generated,Python/build_toon_profiles.py,Content/Materials/ToonProfiles/TP_Stone.uasset,,,TBD,in repo
TP_TwoTone,TP_TwoTone,toon profile,code-generated,Python/build_toon_profiles.py,Content/Materials/ToonProfiles/TP_TwoTone.uasset,,,TBD,in repo
TP_Warm,TP_Warm,toon profile,code-generated,Python/build_toon_profiles.py,Content/Materials/ToonProfiles/TP_Warm.uasset,,,TBD,in repo
TP_Water,TP_Water,toon profile,code-generated,Python/build_toon_profiles.py,Content/Materials/ToonProfiles/TP_Water.uasset,,,TBD,in repo
MI_Concrete,MI_Concrete,material instance,code-generated,Python/build_instances.py,Content/Materials/Instances/MI_Concrete.uasset,,,TBD,in repo
MI_Foliage_Fern,MI_Foliage_Fern,material instance,code-generated,Python/build_instances.py,Content/Materials/Instances/MI_Foliage_Fern.uasset,,,TBD,in repo
MI_Foliage_Hedge,MI_Foliage_Hedge,material instance,code-generated,Python/build_instances.py,Content/Materials/Instances/MI_Foliage_Hedge.uasset,,,TBD,in repo
MI_OfficeSpider_CoffeeMachine,MI_OfficeSpider_CoffeeMachine,material instance,code-generated,Python/build_instances.py,Content/Materials/Instances/MI_OfficeSpider_CoffeeMachine.uasset,,,TBD,in repo
MI_OfficeSpider_DonutBox,MI_OfficeSpider_DonutBox,material instance,code-generated,Python/build_instances.py,Content/Materials/Instances/MI_OfficeSpider_DonutBox.uasset,,,TBD,in repo
MI_OfficeSpider_FrostedGlass,MI_OfficeSpider_FrostedGlass,material instance,code-generated,Python/build_instances.py,Content/Materials/Instances/MI_OfficeSpider_FrostedGlass.uasset,,,TBD,in repo
MI_OfficeSpider_Paper,MI_OfficeSpider_Paper,material instance,code-generated,Python/build_instances.py,Content/Materials/Instances/MI_OfficeSpider_Paper.uasset,,,TBD,in repo
MI_OfficeSpider_SpiderBody,MI_OfficeSpider_SpiderBody,material instance,code-generated,Python/build_instances.py,Content/Materials/Instances/MI_OfficeSpider_SpiderBody.uasset,,,TBD,in repo
MI_OfficeSpider_SpiderEyes,MI_OfficeSpider_SpiderEyes,material instance,code-generated,Python/build_instances.py,Content/Materials/Instances/MI_OfficeSpider_SpiderEyes.uasset,,,TBD,in repo
MI_OfficeSpider_WorkerShirt,MI_OfficeSpider_WorkerShirt,material instance,code-generated,Python/build_instances.py,Content/Materials/Instances/MI_OfficeSpider_WorkerShirt.uasset,,,TBD,in repo
MI_Outline_Heavy,MI_Outline_Heavy,material instance,code-generated,Python/build_instances.py,Content/Materials/Instances/MI_Outline_Heavy.uasset,,,TBD,in repo
MI_Outline_Thin,MI_Outline_Thin,material instance,code-generated,Python/build_instances.py,Content/Materials/Instances/MI_Outline_Thin.uasset,,,TBD,in repo
MI_Toon_Character,MI_Toon_Character,material instance,code-generated,Python/build_instances.py,Content/Materials/Instances/MI_Toon_Character.uasset,,,TBD,in repo
MI_Toon_CrackedStone,MI_Toon_CrackedStone,material instance,code-generated,Python/build_instances.py,Content/Materials/Instances/MI_Toon_CrackedStone.uasset,,,TBD,in repo
MI_Toon_EmissiveFX,MI_Toon_EmissiveFX,material instance,code-generated,Python/build_instances.py,Content/Materials/Instances/MI_Toon_EmissiveFX.uasset,,,TBD,in repo
MI_Toon_Environment,MI_Toon_Environment,material instance,code-generated,Python/build_instances.py,Content/Materials/Instances/MI_Toon_Environment.uasset,,,TBD,in repo
MI_Toon_Face,MI_Toon_Face,material instance,code-generated,Python/build_instances.py,Content/Materials/Instances/MI_Toon_Face.uasset,,,TBD,in repo
MI_Toon_Foliage,MI_Toon_Foliage,material instance,code-generated,Python/build_instances.py,Content/Materials/Instances/MI_Toon_Foliage.uasset,,,TBD,in repo
MI_Toon_Glass,MI_Toon_Glass,material instance,code-generated,Python/build_instances.py,Content/Materials/Instances/MI_Toon_Glass.uasset,,,TBD,in repo
MI_Toon_Gold,MI_Toon_Gold,material instance,code-generated,Python/build_instances.py,Content/Materials/Instances/MI_Toon_Gold.uasset,,,TBD,in repo
MI_Toon_Hair,MI_Toon_Hair,material instance,code-generated,Python/build_instances.py,Content/Materials/Instances/MI_Toon_Hair.uasset,,,TBD,in repo
MI_Toon_Hatched,MI_Toon_Hatched,material instance,code-generated,Python/build_instances.py,Content/Materials/Instances/MI_Toon_Hatched.uasset,,,TBD,in repo
MI_Toon_Hero,MI_Toon_Hero,material instance,code-generated,Python/build_instances.py,Content/Materials/Instances/MI_Toon_Hero.uasset,,,TBD,in repo
MI_Toon_Landscape,MI_Toon_Landscape,material instance,code-generated,Python/build_instances.py,Content/Materials/Instances/MI_Toon_Landscape.uasset,,,TBD,in repo
MI_Toon_Melusina,MI_Toon_Melusina,material instance,code-generated,Python/build_instances.py,Content/Materials/Instances/MI_Toon_Melusina.uasset,,,TBD,in repo
MI_Toon_Office_Carpet,MI_Toon_Office_Carpet,material instance,code-generated,Python/build_instances.py,Content/Materials/Instances/MI_Toon_Office_Carpet.uasset,,,TBD,in repo
MI_Toon_Office_DropCeiling,MI_Toon_Office_DropCeiling,material instance,code-generated,Python/build_instances.py,Content/Materials/Instances/MI_Toon_Office_DropCeiling.uasset,,,TBD,in repo
MI_Toon_Office_Laminate,MI_Toon_Office_Laminate,material instance,code-generated,Python/build_instances.py,Content/Materials/Instances/MI_Toon_Office_Laminate.uasset,,,TBD,in repo
MI_Toon_Office_Polypropylene,MI_Toon_Office_Polypropylene,material instance,code-generated,Python/build_instances.py,Content/Materials/Instances/MI_Toon_Office_Polypropylene.uasset,,,TBD,in repo
MI_Toon_Office_PowderCoat,MI_Toon_Office_PowderCoat,material instance,code-generated,Python/build_instances.py,Content/Materials/Instances/MI_Toon_Office_PowderCoat.uasset,,,TBD,in repo
MI_Toon_Office_Screen,MI_Toon_Office_Screen,material instance,code-generated,Python/build_instances.py,Content/Materials/Instances/MI_Toon_Office_Screen.uasset,,,TBD,in repo
MI_Toon_Office_Troffer,MI_Toon_Office_Troffer,material instance,code-generated,Python/build_instances.py,Content/Materials/Instances/MI_Toon_Office_Troffer.uasset,,,TBD,in repo
MI_Toon_Office_Whiteboard,MI_Toon_Office_Whiteboard,material instance,code-generated,Python/build_instances.py,Content/Materials/Instances/MI_Toon_Office_Whiteboard.uasset,,,TBD,in repo
MI_Toon_Painterly,MI_Toon_Painterly,material instance,code-generated,Python/build_instances.py,Content/Materials/Instances/MI_Toon_Painterly.uasset,,,TBD,in repo
MI_Toon_Particles,MI_Toon_Particles,material instance,code-generated,Python/build_instances.py,Content/Materials/Instances/MI_Toon_Particles.uasset,,,TBD,in repo
MI_Toon_PostComposite,MI_Toon_PostComposite,material instance,code-generated,Python/build_instances.py,Content/Materials/Instances/MI_Toon_PostComposite.uasset,,,TBD,in repo
MI_Toon_Scales,MI_Toon_Scales,material instance,code-generated,Python/build_instances.py,Content/Materials/Instances/MI_Toon_Scales.uasset,,,TBD,in repo
MI_Toon_Sky,MI_Toon_Sky,material instance,code-generated,Python/build_instances.py,Content/Materials/Instances/MI_Toon_Sky.uasset,,,TBD,in repo
MI_Toon_Stone,MI_Toon_Stone,material instance,code-generated,Python/build_instances.py,Content/Materials/Instances/MI_Toon_Stone.uasset,,,TBD,in repo
MI_Toon_TwoTone,MI_Toon_TwoTone,material instance,code-generated,Python/build_instances.py,Content/Materials/Instances/MI_Toon_TwoTone.uasset,,,TBD,in repo
MI_Water_Canal,MI_Water_Canal,material instance,code-generated,Python/build_instances.py,Content/Materials/Instances/MI_Water_Canal.uasset,,,TBD,in repo
MI_Water_Puddle,MI_Water_Puddle,material instance,code-generated,Python/build_instances.py,Content/Materials/Instances/MI_Water_Puddle.uasset,,,TBD,in repo
T_Dither_Bayer,T_Dither_Bayer,texture,code-generated,Python/build_textures.py,Content/Materials/Textures/T_Dither_Bayer.uasset,,,TBD,in repo
T_Hatch_Cross,T_Hatch_Cross,texture,code-generated,Python/build_textures.py,Content/Materials/Textures/T_Hatch_Cross.uasset,,,TBD,in repo
T_Hatch_Diagonal,T_Hatch_Diagonal,texture,code-generated,Python/build_textures.py,Content/Materials/Textures/T_Hatch_Diagonal.uasset,,,TBD,in repo
T_HatchPattern,T_HatchPattern,texture,code-generated,Python/build_textures.py,Content/Materials/Textures/T_HatchPattern.uasset,,,TBD,in repo
T_Noise_White,T_Noise_White,texture,code-generated,Python/build_textures.py,Content/Materials/Textures/T_Noise_White.uasset,,,TBD,in repo
T_Ramp_2Band,T_Ramp_2Band,texture,code-generated,Python/build_textures.py,Content/Materials/Textures/T_Ramp_2Band.uasset,,,TBD,in repo
T_Ramp_3Band,T_Ramp_3Band,texture,code-generated,Python/build_textures.py,Content/Materials/Textures/T_Ramp_3Band.uasset,,,TBD,in repo
T_Ramp_4Band,T_Ramp_4Band,texture,code-generated,Python/build_textures.py,Content/Materials/Textures/T_Ramp_4Band.uasset,,,TBD,in repo
T_Ramp_Smooth,T_Ramp_Smooth,texture,code-generated,Python/build_textures.py,Content/Materials/Textures/T_Ramp_Smooth.uasset,,,TBD,in repo
T_SDF_Blinds,T_SDF_Blinds,texture,code-generated,Python/build_textures.py,Content/Materials/Textures/T_SDF_Blinds.uasset,,,TBD,in repo
T_SDF_Brushed,T_SDF_Brushed,texture,code-generated,Python/build_textures.py,Content/Materials/Textures/T_SDF_Brushed.uasset,,,TBD,in repo
T_SDF_Cardboard,T_SDF_Cardboard,texture,code-generated,Python/build_textures.py,Content/Materials/Textures/T_SDF_Cardboard.uasset,,,TBD,in repo
T_SDF_CarpetLoop,T_SDF_CarpetLoop,texture,code-generated,Python/build_textures.py,Content/Materials/Textures/T_SDF_CarpetLoop.uasset,,,TBD,in repo
T_SDF_CeilingTile,T_SDF_CeilingTile,texture,code-generated,Python/build_textures.py,Content/Materials/Textures/T_SDF_CeilingTile.uasset,,,TBD,in repo
T_SDF_Cork,T_SDF_Cork,texture,code-generated,Python/build_textures.py,Content/Materials/Textures/T_SDF_Cork.uasset,,,TBD,in repo
T_SDF_Cracks,T_SDF_Cracks,texture,code-generated,Python/build_textures.py,Content/Materials/Textures/T_SDF_Cracks.uasset,,,TBD,in repo
T_SDF_Cross,T_SDF_Cross,texture,code-generated,Python/build_textures.py,Content/Materials/Textures/T_SDF_Cross.uasset,,,TBD,in repo
T_SDF_Dots,T_SDF_Dots,texture,code-generated,Python/build_textures.py,Content/Materials/Textures/T_SDF_Dots.uasset,,,TBD,in repo
T_SDF_FrostBands,T_SDF_FrostBands,texture,code-generated,Python/build_textures.py,Content/Materials/Textures/T_SDF_FrostBands.uasset,,,TBD,in repo
T_SDF_Leaf,T_SDF_Leaf,texture,code-generated,Python/build_textures.py,Content/Materials/Textures/T_SDF_Leaf.uasset,,,TBD,in repo
T_SDF_PaperGrain,T_SDF_PaperGrain,texture,code-generated,Python/build_textures.py,Content/Materials/Textures/T_SDF_PaperGrain.uasset,,,TBD,in repo
T_SDF_Scales,T_SDF_Scales,texture,code-generated,Python/build_textures.py,Content/Materials/Textures/T_SDF_Scales.uasset,,,TBD,in repo
T_SDF_Strokes,T_SDF_Strokes,texture,code-generated,Python/build_textures.py,Content/Materials/Textures/T_SDF_Strokes.uasset,,,TBD,in repo
T_SDF_VCT,T_SDF_VCT,texture,code-generated,Python/build_textures.py,Content/Materials/Textures/T_SDF_VCT.uasset,,,TBD,in repo
T_SDF_WeaveFine,T_SDF_WeaveFine,texture,code-generated,Python/build_textures.py,Content/Materials/Textures/T_SDF_WeaveFine.uasset,,,TBD,in repo
T_SDF_WhiteboardGhost,T_SDF_WhiteboardGhost,texture,code-generated,Python/build_textures.py,Content/Materials/Textures/T_SDF_WhiteboardGhost.uasset,,,TBD,in repo
T_SDF_Woodgrain,T_SDF_Woodgrain,texture,code-generated,Python/build_textures.py,Content/Materials/Textures/T_SDF_Woodgrain.uasset,,,TBD,in repo
L_Brutalist_Layout,L_Brutalist_Layout,level,code-generated,Python/stage_brutalist_layout.py,Content/Maps/L_Brutalist_Layout.umap,,,TBD,in repo
L_Foliage_Lookdev,L_Foliage_Lookdev,level,code-generated,Python/build_foliage_lookdev.py,Content/Maps/L_Foliage_Lookdev.umap,,,TBD,in repo
L_Gouache_Lookdev,L_Gouache_Lookdev,level,code-generated,Python/build_gouache_lookdev.py,Content/Maps/L_Gouache_Lookdev.umap,,,TBD,in repo
L_Toon_Lookdev,L_Toon_Lookdev,level,code-generated,Python/build_test_level.py,Content/Maps/L_Toon_Lookdev.umap,,,TBD,in repo
L_Toon_Shot_Env,L_Toon_Shot_Env,level,code-generated,Python/compose_shot_env_level.py,Content/Maps/L_Toon_Shot_Env.umap,,,TBD,in repo
L_Water_Lookdev,L_Water_Lookdev,level,code-generated,Python/build_water_lookdev.py,Content/Maps/L_Water_Lookdev.umap,,,TBD,in repo
L_Toon_Lookdev_HLOD0_Instancing,Lookdev HLOD0 instancing,generated data,code-generated,editor HLOD build,Content/Maps/L_Toon_Lookdev_HLOD0_Instancing.uasset,,,TBD,in repo (regenerable)
CITY_TightEstate,CITY_TightEstate,brutalist object (staged),code-generated,Blender/GN_BRUTALIST_CityBlock / BR_CITY_TIGHT,01_CITY_PBR,984,"BR_Concrete,BR_Asphalt,BR_Glazing",TBD,staged - not yet in Content/
CITY_TowerCluster,CITY_TowerCluster,brutalist object (staged),code-generated,Blender/GN_BRUTALIST_CityBlock / BR_CITY_TOWERS,01_CITY_PBR,576,"BR_Concrete,BR_Asphalt,BR_Glazing",TBD,staged - not yet in Content/
CITY_LowSprawl,CITY_LowSprawl,brutalist object (staged),code-generated,Blender/GN_BRUTALIST_CityBlock / BR_CITY_SPRAWL,01_CITY_PBR,1504,"BR_Concrete,BR_Asphalt,BR_Glazing",TBD,staged - not yet in Content/
CITY_CivicSuperblock,CITY_CivicSuperblock,brutalist object (staged),code-generated,Blender/GN_BRUTALIST_CityBlock / BR_CITY_CIVIC,01_CITY_PBR,152,"BR_Concrete,BR_Asphalt,BR_Glazing",TBD,staged - not yet in Content/
KMZ_TightEstate,KMZ_TightEstate,brutalist object (staged),code-generated,Blender/GN_BRUTALIST_CityBlock / BR_CITY_TIGHT,02_CITY_KOMIKAZE,984,"BR_Concrete_KOMIKAZE,BR_Asphalt_KOMIKAZE,BR_Glazing_KOMIKAZE",TBD,staged - not yet in Content/
KMZ_TowerCluster,KMZ_TowerCluster,brutalist object (staged),code-generated,Blender/GN_BRUTALIST_CityBlock / BR_CITY_TOWERS,02_CITY_KOMIKAZE,576,"BR_Concrete_KOMIKAZE,BR_Asphalt_KOMIKAZE,BR_Glazing_KOMIKAZE",TBD,staged - not yet in Content/
KMZ_LowSprawl,KMZ_LowSprawl,brutalist object (staged),code-generated,Blender/GN_BRUTALIST_CityBlock / BR_CITY_SPRAWL,02_CITY_KOMIKAZE,1504,"BR_Concrete_KOMIKAZE,BR_Asphalt_KOMIKAZE,BR_Glazing_KOMIKAZE",TBD,staged - not yet in Content/
KMZ_CivicSuperblock,KMZ_CivicSuperblock,brutalist object (staged),code-generated,Blender/GN_BRUTALIST_CityBlock / BR_CITY_CIVIC,02_CITY_KOMIKAZE,152,"BR_Concrete_KOMIKAZE,BR_Asphalt_KOMIKAZE,BR_Glazing_KOMIKAZE",TBD,staged - not yet in Content/
OFFICE_CivicSlab,OFFICE_CivicSlab,brutalist object (staged),code-generated,Blender/GN_BRUTALIST_OfficeBlock / BR_OFFICE_CIVIC,03_OFFICE_BLOCK,904,BR_Concrete,TBD,staged - not yet in Content/
OFFICE_BarbicanScale,OFFICE_BarbicanScale,brutalist object (staged),code-generated,Blender/GN_BRUTALIST_OfficeBlock / BR_OFFICE_BARBICAN,03_OFFICE_BLOCK,1224,BR_Concrete,TBD,staged - not yet in Content/
OFFICE_Bunker,OFFICE_Bunker,brutalist object (staged),code-generated,Blender/GN_BRUTALIST_OfficeBlock / BR_OFFICE_BUNKER,03_OFFICE_BLOCK,336,BR_Concrete,TBD,staged - not yet in Content/
OFFICE_SlenderTower,OFFICE_SlenderTower,brutalist object (staged),code-generated,Blender/GN_BRUTALIST_OfficeBlock / BR_OFFICE_SLENDER,03_OFFICE_BLOCK,888,BR_Concrete,TBD,staged - not yet in Content/
CUBICLE_Canonical,CUBICLE_Canonical,brutalist object (staged),code-generated,Blender/GN_BRUTALIST_CubicleFarm / BR_CUBICLE_CANON,04_INTERIOR_CUBICLES,1898,BR_Paving,TBD,staged - not yet in Content/
CUBICLE_MazeShift,CUBICLE_MazeShift,brutalist object (staged),code-generated,Blender/GN_BRUTALIST_CubicleFarm / BR_CUBICLE_MAZE,04_INTERIOR_CUBICLES,3624,BR_Paving,TBD,staged - not yet in Content/
CUBICLE_OpenPlan,CUBICLE_OpenPlan,brutalist object (staged),code-generated,Blender/GN_BRUTALIST_CubicleFarm / BR_CUBICLE_OPEN,04_INTERIOR_CUBICLES,2502,BR_Paving,TBD,staged - not yet in Content/
CUBICLE_Swarm,CUBICLE_Swarm,brutalist object (staged),code-generated,Blender/GN_BRUTALIST_CubicleFarm / BR_CUBICLE_SWARM,04_INTERIOR_CUBICLES,6668,BR_Paving,TBD,staged - not yet in Content/
FAC_TowerRibbon,FAC_TowerRibbon,brutalist object (staged),code-generated,Blender/GN_BRUTALIST_CityBlock / BR_CITY_TOWERS_GLASS,05_FACADE_VARIATION,1152,"BR_Concrete,BR_Asphalt,BR_Glazing",TBD,staged - not yet in Content/
FAC_PunchedEstate,FAC_PunchedEstate,brutalist object (staged),code-generated,Blender/GN_BRUTALIST_CityBlock / BR_CITY_PUNCHED,05_FACADE_VARIATION,1848,"BR_Concrete,BR_Asphalt,BR_Glazing",TBD,staged - not yet in Content/
FAC_CivicColonnade,FAC_CivicColonnade,brutalist object (staged),code-generated,Blender/GN_BRUTALIST_CityBlock / BR_CITY_COLONNADE,05_FACADE_VARIATION,552,"BR_Concrete,BR_Asphalt,BR_Glazing",TBD,staged - not yet in Content/
ROOF_FlatParapet,ROOF_FlatParapet,brutalist object (staged),code-generated,Blender/GN_BRUTALIST_Roof / BR_ROOF_FLAT,06_ROOFS,56,BR_Concrete,TBD,staged - not yet in Content/
ROOF_LowPitch,ROOF_LowPitch,brutalist object (staged),code-generated,Blender/GN_BRUTALIST_Roof / BR_ROOF_PITCH,06_ROOFS,24,BR_Concrete,TBD,staged - not yet in Content/
ROOF_Sawtooth,ROOF_Sawtooth,brutalist object (staged),code-generated,Blender/GN_BRUTALIST_Roof / BR_ROOF_SAWTOOTH,06_ROOFS,248,BR_Concrete,TBD,staged - not yet in Content/
ROOF_BarrelVault,ROOF_BarrelVault,brutalist object (staged),code-generated,Blender/GN_BRUTALIST_Roof / BR_ROOF_BARREL,06_ROOFS,48,BR_Concrete,TBD,staged - not yet in Content/
ROOF_PyramidHip,ROOF_PyramidHip,brutalist object (staged),code-generated,Blender/GN_BRUTALIST_Roof / BR_ROOF_HIP,06_ROOFS,24,BR_Concrete,TBD,staged - not yet in Content/
ROOF_PlantDeck,ROOF_PlantDeck,brutalist object (staged),code-generated,Blender/GN_BRUTALIST_Roof / BR_ROOF_PLANT,06_ROOFS,72,BR_Concrete,TBD,staged - not yet in Content/
PROPS_OccupiedDesk,PROPS_OccupiedDesk,brutalist object (staged),code-generated,Blender/GN_OFFICE_DeskCluster / BR_OFFICE_OCCUPIED,07_OFFICE_PROPS,294,BR_Paving,TBD,staged - not yet in Content/
PROPS_BareDesk,PROPS_BareDesk,brutalist object (staged),code-generated,Blender/GN_OFFICE_DeskCluster / BR_OFFICE_BARE,07_OFFICE_PROPS,56,BR_Paving,TBD,staged - not yet in Content/
PROPS_PushedChair,PROPS_PushedChair,brutalist object (staged),code-generated,Blender/GN_OFFICE_DeskCluster / BR_OFFICE_PUSHED,07_OFFICE_PROPS,294,BR_Paving,TBD,staged - not yet in Content/
LS_SH010,establish_world,establish_world,code-generated,Python/build_shot_deck.py,Content/Sequences/LS_SH010.uasset,,cam=Cam_Turntable.001 24.0mm,TBD,in repo (0-95 @24 fps)
LS_SH020,reveal_profile,reveal_profile,code-generated,Python/build_shot_deck.py,Content/Sequences/LS_SH020.uasset,,cam=Cam_Back 35.0mm,TBD,in repo (96-167 @24 fps)
LS_SH030,water_rise,water_rise,code-generated,Python/build_shot_deck.py,Content/Sequences/LS_SH030.uasset,,cam=Cam_Low 28.0mm,TBD,in repo (168-251 @24 fps)
LS_SH040,dialogue_medium,dialogue_medium,code-generated,Python/build_shot_deck.py,Content/Sequences/LS_SH040.uasset,,cam=Cam_Beauty 50.0mm,TBD,in repo (252-347 @24 fps)
LS_SH050,macro_emotion,macro_emotion,code-generated,Python/build_shot_deck.py,Content/Sequences/LS_SH050.uasset,,cam=Cam_Macro 85.0mm,TBD,in repo (348-419 @24 fps)
LS_SH060,hero_rig_action,hero_rig_action,code-generated,Python/build_shot_deck.py,Content/Sequences/LS_SH060.uasset,,cam=Cam_Front 50.0mm,TBD,in repo (420-539 @24 fps)
LS_SH070,song_release,song_release,code-generated,Python/build_shot_deck.py,Content/Sequences/LS_SH070.uasset,,cam=Cam_Turntable 40.0mm,TBD,in repo (540-623 @24 fps)
LS_SH080,bow_finale,bow_finale,code-generated,Python/build_shot_deck.py,Content/Sequences/LS_SH080.uasset,,cam=Cam_Beauty 50.0mm,TBD,in repo (624-719 @24 fps)
